{
	"id": "3be6e1c7-34f0-432a-a37d-133196457ab1",
	"name": "book-sync",
	"values": [
		{
			"key": "port",
			"value": "8000",
			"type": "default",
			"enabled": true
		},
		{
			"key": "baseUrl",
			"value": "http://localhost:{{port}}",
			"type": "default",
			"enabled": true
		},
		{
			"key": "token",
			"value": "",
			"type": "any",
			"enabled": true
		},
		{
			"key": "baseUrlDev",
			"value": "http://localhost:{{port}}",
			"type": "default",
			"enabled": true
		}
	],
	"_postman_variable_scope": "environment",
	"_postman_exported_at": "2024-12-01T13:16:12.537Z",
	"_postman_exported_using": "Postman/10.24.27"
}